timeStamp,elapsed,label,responseCode,responseMessage,threadName,dataType,success,failureMessage,bytes,sentBytes,grpThreads,allThreads,URL,Latency,IdleTime,Connect
1714103142588,17773,HTTP Request,200,OK,Pefomense Test 1-40,text,true,,366611,129,100,100,https://www.shohoz.com/bus-tickets,1783,0,129
1714103142449,19870,HTTP Request,200,OK,Pefomense Test 1-26,text,true,,366611,129,100,100,https://www.shohoz.com/bus-tickets,1571,0,161
1714103142579,20918,HTTP Request,200,OK,Pefomense Test 1-39,text,true,,366625,129,100,100,https://www.shohoz.com/bus-tickets,2410,0,120
1714103142610,21706,HTTP Request,200,OK,Pefomense Test 1-42,text,true,,366611,129,100,100,https://www.shohoz.com/bus-tickets,3006,0,143
1714103142350,22406,HTTP Request,200,OK,Pefomense Test 1-16,text,true,,366615,129,100,100,https://www.shohoz.com/bus-tickets,1516,0,94
1714103142538,22238,HTTP Request,200,OK,Pefomense Test 1-35,text,true,,366615,129,100,100,https://www.shohoz.com/bus-tickets,2760,0,153
1714103142428,22478,HTTP Request,200,OK,Pefomense Test 1-24,text,true,,366607,129,100,100,https://www.shohoz.com/bus-tickets,1776,0,163
1714103142221,23528,HTTP Request,200,OK,Pefomense Test 1-3,text,true,,366609,129,100,100,https://www.shohoz.com/bus-tickets,1261,0,119
1714103142639,23414,HTTP Request,200,OK,Pefomense Test 1-45,text,true,,366615,129,100,100,https://www.shohoz.com/bus-tickets,4900,0,106
1714103142629,23939,HTTP Request,200,OK,Pefomense Test 1-44,text,true,,366615,129,100,100,https://www.shohoz.com/bus-tickets,3629,0,195
1714103142918,24624,HTTP Request,200,OK,Pefomense Test 1-73,text,true,,366616,129,100,100,https://www.shohoz.com/bus-tickets,4745,0,228
1714103142198,25361,HTTP Request,200,OK,Pefomense Test 1-1,text,true,,366623,129,100,100,https://www.shohoz.com/bus-tickets,853,0,137
1714103142737,25095,HTTP Request,200,OK,Pefomense Test 1-55,text,true,,366613,129,100,100,https://www.shohoz.com/bus-tickets,4292,0,173
1714103142680,25854,HTTP Request,200,OK,Pefomense Test 1-49,text,true,,366607,129,100,100,https://www.shohoz.com/bus-tickets,2541,0,114
1714103142907,26760,HTTP Request,200,OK,Pefomense Test 1-72,text,true,,366607,129,100,100,https://www.shohoz.com/bus-tickets,4111,0,89
1714103142818,27096,HTTP Request,200,OK,Pefomense Test 1-63,text,true,,366609,129,100,100,https://www.shohoz.com/bus-tickets,2985,0,92
1714103143169,26967,HTTP Request,200,OK,Pefomense Test 1-98,text,true,,366609,129,100,100,https://www.shohoz.com/bus-tickets,4976,0,739
1714103142758,29524,HTTP Request,200,OK,Pefomense Test 1-57,text,true,,366615,129,100,100,https://www.shohoz.com/bus-tickets,3453,0,160
1714103143148,29426,HTTP Request,200,OK,Pefomense Test 1-96,text,true,,366615,129,100,100,https://www.shohoz.com/bus-tickets,5582,0,954
1714103142358,31982,HTTP Request,200,OK,Pefomense Test 1-17,text,true,,366609,129,100,100,https://www.shohoz.com/bus-tickets,1579,0,154
1714103142809,32868,HTTP Request,200,OK,Pefomense Test 1-62,text,true,,366603,129,100,100,https://www.shohoz.com/bus-tickets,2295,0,100
1714103142648,35873,HTTP Request,200,OK,Pefomense Test 1-46,text,true,,366603,129,100,100,https://www.shohoz.com/bus-tickets,3286,0,185
1714103142969,37258,HTTP Request,200,OK,Pefomense Test 1-78,text,true,,366603,129,100,100,https://www.shohoz.com/bus-tickets,3029,0,281
1714103142328,38853,HTTP Request,200,OK,Pefomense Test 1-14,text,true,,366603,129,100,100,https://www.shohoz.com/bus-tickets,1383,0,194
1714103142887,40020,HTTP Request,200,OK,Pefomense Test 1-70,text,true,,366607,129,100,100,https://www.shohoz.com/bus-tickets,5642,0,300
1714103163497,20058,HTTP Request,200,OK,Pefomense Test 1-39,text,true,,366603,129,100,100,https://www.shohoz.com/bus-tickets,1254,0,0
1714103143128,41785,HTTP Request,200,OK,Pefomense Test 1-94,text,true,,366616,129,100,100,https://www.shohoz.com/bus-tickets,3734,0,738
1714103162319,22595,HTTP Request,200,OK,Pefomense Test 1-26,text,true,,366609,129,100,100,https://www.shohoz.com/bus-tickets,1228,0,0
1714103160362,25342,HTTP Request,200,OK,Pefomense Test 1-40,text,true,,366609,129,100,100,https://www.shohoz.com/bus-tickets,1769,0,0
1714103142988,43141,HTTP Request,200,OK,Pefomense Test 1-80,text,true,,366611,129,100,100,https://www.shohoz.com/bus-tickets,3438,0,571
1714103142709,44196,HTTP Request,200,OK,Pefomense Test 1-52,text,true,,366616,129,100,100,https://www.shohoz.com/bus-tickets,2292,0,114
1714103164757,22200,HTTP Request,200,OK,Pefomense Test 1-16,text,true,,366609,129,100,100,https://www.shohoz.com/bus-tickets,1253,0,0
1714103142689,44795,HTTP Request,200,OK,Pefomense Test 1-50,text,true,,366603,129,100,100,https://www.shohoz.com/bus-tickets,3084,0,172
1714103169667,17822,HTTP Request,200,OK,Pefomense Test 1-72,text,true,,366607,129,100,100,https://www.shohoz.com/bus-tickets,2549,0,0
1714103142560,47506,HTTP Request,200,OK,Pefomense Test 1-37,text,true,,366611,129,100,100,https://www.shohoz.com/bus-tickets,6087,0,1250
1714103166569,23516,HTTP Request,200,OK,Pefomense Test 1-44,text,true,,366609,129,100,100,https://www.shohoz.com/bus-tickets,2143,0,0
1714103142997,47212,HTTP Request,200,OK,Pefomense Test 1-81,text,true,,366613,129,100,100,https://www.shohoz.com/bus-tickets,5049,0,324
1714103164907,25704,HTTP Request,200,OK,Pefomense Test 1-24,text,true,,366609,129,100,100,https://www.shohoz.com/bus-tickets,2079,0,0
1714103142478,48380,HTTP Request,200,OK,Pefomense Test 1-29,text,true,,366603,129,100,100,https://www.shohoz.com/bus-tickets,1558,0,108
1714103167560,23721,HTTP Request,200,OK,Pefomense Test 1-1,text,true,,366616,129,100,100,https://www.shohoz.com/bus-tickets,879,0,0
1714103142418,49138,HTTP Request,200,OK,Pefomense Test 1-23,text,true,,366609,129,100,100,https://www.shohoz.com/bus-tickets,1163,0,98
1714103170137,21621,HTTP Request,200,OK,Pefomense Test 1-98,text,true,,366615,129,100,100,https://www.shohoz.com/bus-tickets,1277,0,0
1714103142289,50180,HTTP Request,200,OK,Pefomense Test 1-10,text,true,,366609,129,100,100,https://www.shohoz.com/bus-tickets,1181,0,97
1714103142778,49736,HTTP Request,200,OK,Pefomense Test 1-59,text,true,,366611,129,100,100,https://www.shohoz.com/bus-tickets,7973,0,93
1714103142839,50257,HTTP Request,200,OK,Pefomense Test 1-65,text,true,,366609,129,100,100,https://www.shohoz.com/bus-tickets,20461,0,91
1714103142530,51973,HTTP Request,200,OK,Pefomense Test 1-34,text,true,,366609,129,100,100,https://www.shohoz.com/bus-tickets,6697,0,161
1714103167543,27190,HTTP Request,200,OK,Pefomense Test 1-73,text,true,,366617,129,100,100,https://www.shohoz.com/bus-tickets,1215,0,0
1714103167834,27372,HTTP Request,200,OK,Pefomense Test 1-55,text,true,,366607,129,100,100,https://www.shohoz.com/bus-tickets,3944,0,0
1714103168535,26693,HTTP Request,200,OK,Pefomense Test 1-49,text,true,,366607,129,100,100,https://www.shohoz.com/bus-tickets,1102,0,0
1714103142441,53969,HTTP Request,200,OK,Pefomense Test 1-25,text,true,,366609,129,100,100,https://www.shohoz.com/bus-tickets,8435,0,7068
1714103166054,30698,HTTP Request,200,OK,Pefomense Test 1-45,text,true,,366615,129,100,100,https://www.shohoz.com/bus-tickets,1110,0,0
1714103175677,22157,HTTP Request,200,OK,Pefomense Test 1-62,text,true,,366611,129,100,100,https://www.shohoz.com/bus-tickets,1349,0,0
1714103142509,56435,HTTP Request,200,OK,Pefomense Test 1-32,text,true,,366611,129,100,100,https://www.shohoz.com/bus-tickets,5996,0,101
1714103164317,35079,HTTP Request,200,OK,Pefomense Test 1-42,text,true,,366609,129,100,100,https://www.shohoz.com/bus-tickets,911,0,0
1714103165749,34249,HTTP Request,200,OK,Pefomense Test 1-3,text,true,,366614,129,100,100,https://www.shohoz.com/bus-tickets,1098,0,0
1714103184914,15131,HTTP Request,200,OK,Pefomense Test 1-26,text,true,,366609,129,100,100,https://www.shohoz.com/bus-tickets,2263,0,0
1714103172283,28097,HTTP Request,200,OK,Pefomense Test 1-57,text,true,,366611,129,100,100,https://www.shohoz.com/bus-tickets,1105,0,0
1714103172574,28761,HTTP Request,200,OK,Pefomense Test 1-96,text,true,,366615,129,100,100,https://www.shohoz.com/bus-tickets,1616,0,0
1714103185704,15771,HTTP Request,200,OK,Pefomense Test 1-40,text,true,,366603,129,100,100,https://www.shohoz.com/bus-tickets,2468,0,0
1714103143078,58407,HTTP Request,200,OK,Pefomense Test 1-89,text,true,,366611,129,100,100,https://www.shohoz.com/bus-tickets,6259,0,1084
1714103164777,38216,HTTP Request,200,OK,Pefomense Test 1-35,text,true,,366607,129,100,100,https://www.shohoz.com/bus-tickets,1305,0,0
1714103174340,29206,HTTP Request,200,OK,Pefomense Test 1-17,text,true,,366611,129,100,100,https://www.shohoz.com/bus-tickets,1233,0,0
1714103183556,20007,HTTP Request,200,OK,Pefomense Test 1-39,text,true,,366607,129,100,100,https://www.shohoz.com/bus-tickets,1124,0,0
1714103178522,25073,HTTP Request,200,OK,Pefomense Test 1-46,text,true,,366607,129,100,100,https://www.shohoz.com/bus-tickets,1821,0,0
1714103186957,17027,HTTP Request,200,OK,Pefomense Test 1-16,text,true,,366611,129,100,100,https://www.shohoz.com/bus-tickets,1186,0,0
1714103142898,61613,HTTP Request,200,OK,Pefomense Test 1-71,text,true,,366614,129,100,100,https://www.shohoz.com/bus-tickets,1745,0,228
1714103169914,35475,HTTP Request,200,OK,Pefomense Test 1-63,text,true,,366611,129,100,100,https://www.shohoz.com/bus-tickets,2275,0,0
1714103181182,24725,HTTP Request,200,OK,Pefomense Test 1-14,text,true,,366611,129,100,100,https://www.shohoz.com/bus-tickets,1875,0,0
1714103142828,63404,HTTP Request,200,OK,Pefomense Test 1-64,text,true,,366607,129,100,100,https://www.shohoz.com/bus-tickets,6627,0,161
1714103143100,64411,HTTP Request,200,OK,Pefomense Test 1-91,text,true,,366609,129,100,100,https://www.shohoz.com/bus-tickets,10991,0,1062
1714103191281,16299,HTTP Request,200,OK,Pefomense Test 1-1,text,true,,366609,129,100,100,https://www.shohoz.com/bus-tickets,1089,0,0
1714103142498,65103,HTTP Request,200,OK,Pefomense Test 1-31,text,true,,366611,129,100,100,https://www.shohoz.com/bus-tickets,2272,0,404
1714103143068,64916,HTTP Request,200,OK,Pefomense Test 1-88,text,true,,366609,129,100,100,https://www.shohoz.com/bus-tickets,4538,0,786
1714103180228,27757,HTTP Request,200,OK,Pefomense Test 1-78,text,true,,366611,129,100,100,https://www.shohoz.com/bus-tickets,2634,0,0
1714103187489,20632,HTTP Request,200,OK,Pefomense Test 1-72,text,true,,366609,129,100,100,https://www.shohoz.com/bus-tickets,1806,0,0
1714103182908,26331,HTTP Request,200,OK,Pefomense Test 1-70,text,true,,366607,129,100,100,https://www.shohoz.com/bus-tickets,979,0,0
1714103143028,67974,HTTP Request,200,OK,Pefomense Test 1-84,text,true,,366609,129,100,100,https://www.shohoz.com/bus-tickets,6558,0,656
1714103142519,69632,HTTP Request,200,OK,Pefomense Test 1-33,text,true,,366611,129,100,100,https://www.shohoz.com/bus-tickets,7499,0,115
1714103184914,27341,HTTP Request,200,OK,Pefomense Test 1-94,text,true,,366611,129,100,100,https://www.shohoz.com/bus-tickets,2467,0,0
1714103191557,21213,HTTP Request,200,OK,Pefomense Test 1-23,text,true,,366611,129,100,100,https://www.shohoz.com/bus-tickets,1304,0,0
1714103142867,71036,HTTP Request,200,OK,Pefomense Test 1-68,text,true,,366609,129,100,100,https://www.shohoz.com/bus-tickets,7219,0,279
1714103195205,20393,HTTP Request,200,OK,Pefomense Test 1-55,text,true,,366611,129,100,100,https://www.shohoz.com/bus-tickets,1710,0,0
1714103186905,28876,HTTP Request,200,OK,Pefomense Test 1-52,text,true,,366609,129,100,100,https://www.shohoz.com/bus-tickets,2645,0,0
1714103142470,73311,HTTP Request,200,OK,Pefomense Test 1-28,text,true,,366603,129,100,100,https://www.shohoz.com/bus-tickets,7756,0,166
1714103197833,18516,HTTP Request,200,OK,Pefomense Test 1-62,text,true,,366615,129,100,100,https://www.shohoz.com/bus-tickets,1998,0,0
1714103190085,28050,HTTP Request,200,OK,Pefomense Test 1-44,text,true,,366611,129,100,100,https://www.shohoz.com/bus-tickets,2693,0,0
1714103143039,75842,HTTP Request,200,OK,Pefomense Test 1-85,text,true,,366611,129,100,100,https://www.shohoz.com/bus-tickets,7605,0,222
1714103142227,76847,HTTP Request,200,OK,Pefomense Test 1-4,text,true,,366603,129,100,100,https://www.shohoz.com/bus-tickets,1692,0,114
1714103142797,76487,HTTP Request,200,OK,Pefomense Test 1-61,text,true,,366609,129,100,100,https://www.shohoz.com/bus-tickets,14543,0,105
1714103191758,29139,HTTP Request,200,OK,Pefomense Test 1-98,text,true,,366609,129,100,100,https://www.shohoz.com/bus-tickets,1573,0,0
1714103142730,78939,HTTP Request,200,OK,Pefomense Test 1-54,text,true,,366609,129,100,100,https://www.shohoz.com/bus-tickets,19374,0,98
1714103201476,20295,HTTP Request,200,OK,Pefomense Test 1-40,text,true,,366607,129,100,100,https://www.shohoz.com/bus-tickets,1035,0,0
1714103199397,22805,HTTP Request,200,OK,Pefomense Test 1-42,text,true,,366609,129,100,100,https://www.shohoz.com/bus-tickets,4382,0,0
1714103142769,79762,HTTP Request,200,OK,Pefomense Test 1-58,text,true,,366611,129,100,100,https://www.shohoz.com/bus-tickets,7929,0,168
1714103142369,81078,HTTP Request,200,OK,Pefomense Test 1-18,text,true,,366603,129,100,100,https://www.shohoz.com/bus-tickets,6852,0,95
1714103200380,23111,HTTP Request,200,OK,Pefomense Test 1-57,text,true,,366609,129,100,100,https://www.shohoz.com/bus-tickets,1000,0,0
1714103143018,80573,HTTP Request,200,OK,Pefomense Test 1-83,text,true,,366622,129,100,100,https://www.shohoz.com/bus-tickets,10164,0,4417
1714103201336,22390,HTTP Request,200,OK,Pefomense Test 1-96,text,true,,366611,129,100,100,https://www.shohoz.com/bus-tickets,1037,0,0
1714103190858,33732,HTTP Request,200,OK,Pefomense Test 1-29,text,true,,366607,129,100,100,https://www.shohoz.com/bus-tickets,2067,0,0
1714103204511,20213,HTTP Request,200,OK,Pefomense Test 1-71,text,true,,366603,129,100,100,https://www.shohoz.com/bus-tickets,1521,0,660
1714103203595,21440,HTTP Request,200,OK,Pefomense Test 1-46,text,true,,366611,129,100,100,https://www.shohoz.com/bus-tickets,1872,0,990
1714103196752,28383,HTTP Request,200,OK,Pefomense Test 1-45,text,true,,366618,129,100,100,https://www.shohoz.com/bus-tickets,1179,0,0
1714103143188,82656,HTTP Request,200,OK,Pefomense Test 1-100,text,true,,366607,129,100,100,https://www.shohoz.com/bus-tickets,7445,0,2628
1714103198945,27193,HTTP Request,200,OK,Pefomense Test 1-32,text,true,,366611,129,100,100,https://www.shohoz.com/bus-tickets,1984,0,0
1714103192515,34041,HTTP Request,200,OK,Pefomense Test 1-59,text,true,,366611,129,100,100,https://www.shohoz.com/bus-tickets,3157,0,0
1714103199998,27950,HTTP Request,200,OK,Pefomense Test 1-3,text,true,,366611,129,100,100,https://www.shohoz.com/bus-tickets,1567,0,0
1714103143108,85280,HTTP Request,200,OK,Pefomense Test 1-92,text,true,,366607,129,100,100,https://www.shohoz.com/bus-tickets,3566,0,1019
1714103192469,36226,HTTP Request,200,OK,Pefomense Test 1-10,text,true,,366609,129,100,100,https://www.shohoz.com/bus-tickets,2156,0,0
1714103193097,36628,HTTP Request,200,OK,Pefomense Test 1-65,text,true,,366611,129,100,100,https://www.shohoz.com/bus-tickets,2064,0,0
1714103195227,34635,HTTP Request,200,OK,Pefomense Test 1-49,text,true,,366607,129,100,100,https://www.shohoz.com/bus-tickets,1677,0,0
1714103203546,26724,HTTP Request,200,OK,Pefomense Test 1-17,text,true,,366611,129,100,100,https://www.shohoz.com/bus-tickets,1848,0,452
1714103212152,18418,HTTP Request,200,OK,Pefomense Test 1-33,text,true,,366615,129,100,100,https://www.shohoz.com/bus-tickets,2161,0,706
1714103209238,22233,HTTP Request,200,OK,Pefomense Test 1-70,text,true,,366609,129,100,100,https://www.shohoz.com/bus-tickets,1378,0,457
1714103207984,23715,HTTP Request,200,OK,Pefomense Test 1-88,text,true,,366609,129,100,100,https://www.shohoz.com/bus-tickets,1478,0,209
1714103187484,44601,HTTP Request,200,OK,Pefomense Test 1-50,text,true,,366607,129,100,100,https://www.shohoz.com/bus-tickets,1183,0,0
1714103207984,24648,HTTP Request,200,OK,Pefomense Test 1-78,text,true,,366611,129,100,100,https://www.shohoz.com/bus-tickets,1757,0,209
1714103142788,89952,HTTP Request,200,OK,Pefomense Test 1-60,text,true,,366611,129,100,100,https://www.shohoz.com/bus-tickets,2743,0,97
1714103212770,20133,HTTP Request,200,OK,Pefomense Test 1-23,text,true,,366615,129,100,100,https://www.shohoz.com/bus-tickets,1466,0,599
1714103142378,90543,HTTP Request,200,OK,Pefomense Test 1-19,text,true,,366617,129,100,100,https://www.shohoz.com/bus-tickets,1609,0,166
1714103206232,27713,HTTP Request,200,OK,Pefomense Test 1-64,text,true,,366607,129,100,100,https://www.shohoz.com/bus-tickets,2441,0,1017
1714103207512,26451,HTTP Request,200,OK,Pefomense Test 1-91,text,true,,366607,129,100,100,https://www.shohoz.com/bus-tickets,1178,0,196
1714103186130,49097,HTTP Request,200,OK,Pefomense Test 1-80,text,true,,366611,129,100,100,https://www.shohoz.com/bus-tickets,2225,0,0
1714103142659,92845,HTTP Request,200,OK,Pefomense Test 1-47,text,true,,366615,129,100,100,https://www.shohoz.com/bus-tickets,20277,0,207
1714103200046,36007,HTTP Request,200,OK,Pefomense Test 1-26,text,true,,366611,129,100,100,https://www.shohoz.com/bus-tickets,1846,0,0
1714103194733,42159,HTTP Request,200,OK,Pefomense Test 1-73,text,true,,366603,129,100,100,https://www.shohoz.com/bus-tickets,2281,0,0
1714103142320,94931,HTTP Request,200,OK,Pefomense Test 1-13,text,true,,366607,129,100,100,https://www.shohoz.com/bus-tickets,1679,0,106
1714103212255,25570,HTTP Request,200,OK,Pefomense Test 1-94,text,true,,366607,129,100,100,https://www.shohoz.com/bus-tickets,1302,0,344
1714103208121,29831,HTTP Request,200,OK,Pefomense Test 1-72,text,true,,366609,129,100,100,https://www.shohoz.com/bus-tickets,4235,0,1308
1714103190612,47707,HTTP Request,200,OK,Pefomense Test 1-24,text,true,,366607,129,100,100,https://www.shohoz.com/bus-tickets,1524,0,0
1714103205389,34639,HTTP Request,200,OK,Pefomense Test 1-63,text,true,,366607,129,100,100,https://www.shohoz.com/bus-tickets,1364,0,415
1714103190209,50353,HTTP Request,200,OK,Pefomense Test 1-81,text,true,,366603,129,100,100,https://www.shohoz.com/bus-tickets,1452,0,0
1714103207602,33052,HTTP Request,200,OK,Pefomense Test 1-31,text,true,,366611,129,100,100,https://www.shohoz.com/bus-tickets,4780,0,1071
1714103216350,24335,HTTP Request,200,OK,Pefomense Test 1-62,text,true,,366603,129,100,100,https://www.shohoz.com/bus-tickets,4398,0,1480
1714103213903,26891,HTTP Request,200,OK,Pefomense Test 1-68,text,true,,366603,129,100,100,https://www.shohoz.com/bus-tickets,1869,0,802
1714103211002,30503,HTTP Request,200,OK,Pefomense Test 1-84,text,true,,366611,129,100,100,https://www.shohoz.com/bus-tickets,3216,0,1163
1714103215781,25736,HTTP Request,200,OK,Pefomense Test 1-28,text,true,,366611,129,100,100,https://www.shohoz.com/bus-tickets,3440,0,1188
1714103220898,21166,HTTP Request,200,OK,Pefomense Test 1-98,text,true,,366615,129,100,100,https://www.shohoz.com/bus-tickets,2566,0,756
1714103143118,99441,HTTP Request,200,OK,Pefomense Test 1-93,text,true,,366603,129,100,100,https://www.shohoz.com/bus-tickets,15387,0,870
1714103203563,39018,HTTP Request,200,OK,Pefomense Test 1-39,text,true,,366613,129,100,100,https://www.shohoz.com/bus-tickets,1472,0,464
1714103205906,37241,HTTP Request,200,OK,Pefomense Test 1-14,text,true,,366603,129,100,100,https://www.shohoz.com/bus-tickets,1410,0,725
1714103142459,102085,HTTP Request,200,OK,Pefomense Test 1-27,text,true,,366609,129,100,100,https://www.shohoz.com/bus-tickets,2103,0,109
1714103207580,37139,HTTP Request,200,OK,Pefomense Test 1-1,text,true,,366603,129,100,100,https://www.shohoz.com/bus-tickets,1248,0,278
1714103224590,21825,HTTP Request,200,OK,Pefomense Test 1-29,text,true,,366609,129,100,100,https://www.shohoz.com/bus-tickets,1916,0,860
1714103203985,42499,HTTP Request,200,OK,Pefomense Test 1-16,text,true,,366609,129,100,100,https://www.shohoz.com/bus-tickets,1472,0,610
1714103143008,104005,HTTP Request,200,OK,Pefomense Test 1-82,text,true,,366615,129,100,100,https://www.shohoz.com/bus-tickets,5583,0,872
1714103142939,104404,HTTP Request,200,OK,Pefomense Test 1-75,text,true,,366611,129,100,100,https://www.shohoz.com/bus-tickets,3319,0,122
1714103196409,51178,HTTP Request,200,OK,Pefomense Test 1-25,text,true,,366618,129,100,100,https://www.shohoz.com/bus-tickets,1342,0,0
1714103218883,28967,HTTP Request,200,OK,Pefomense Test 1-85,text,true,,366609,129,100,100,https://www.shohoz.com/bus-tickets,4300,0,2269
1714103221670,28760,HTTP Request,200,OK,Pefomense Test 1-54,text,true,,366607,129,100,100,https://www.shohoz.com/bus-tickets,2311,0,1266
1714103201485,50718,HTTP Request,200,OK,Pefomense Test 1-89,text,true,,366618,129,100,100,https://www.shohoz.com/bus-tickets,2605,0,0
1714103231471,21268,HTTP Request,200,OK,Pefomense Test 1-70,text,true,,366607,129,100,100,https://www.shohoz.com/bus-tickets,994,0,0
1714103142718,110041,HTTP Request,200,OK,Pefomense Test 1-53,text,true,,366610,129,100,100,https://www.shohoz.com/bus-tickets,38743,0,161
1714103222203,30955,HTTP Request,200,OK,Pefomense Test 1-42,text,true,,366609,129,100,100,https://www.shohoz.com/bus-tickets,1787,0,635
1714103230570,22983,HTTP Request,200,OK,Pefomense Test 1-33,text,true,,366609,129,100,100,https://www.shohoz.com/bus-tickets,2107,0,0
1714103232903,20723,HTTP Request,200,OK,Pefomense Test 1-23,text,true,,366603,129,100,100,https://www.shohoz.com/bus-tickets,1186,0,0
1714103142398,112098,HTTP Request,200,OK,Pefomense Test 1-21,text,true,,366609,129,100,100,https://www.shohoz.com/bus-tickets,1601,0,114
1714103219286,35238,HTTP Request,200,OK,Pefomense Test 1-61,text,true,,366609,129,100,100,https://www.shohoz.com/bus-tickets,4142,0,358
1714103215781,39556,HTTP Request,200,OK,Pefomense Test 1-52,text,true,,366611,129,100,100,https://www.shohoz.com/bus-tickets,1903,0,615
1714103142408,114032,HTTP Request,200,OK,Pefomense Test 1-22,text,true,,366611,129,100,100,https://www.shohoz.com/bus-tickets,36893,0,114
1714103142279,115130,HTTP Request,200,OK,Pefomense Test 1-9,text,true,,366614,129,100,100,https://www.shohoz.com/bus-tickets,1788,0,164
1714103230270,29791,HTTP Request,200,OK,Pefomense Test 1-17,text,true,,366613,129,100,100,https://www.shohoz.com/bus-tickets,1588,0,0
1714103225136,35088,HTTP Request,200,OK,Pefomense Test 1-45,text,true,,366609,129,100,100,https://www.shohoz.com/bus-tickets,2710,0,469
1714103240685,19968,HTTP Request,200,OK,Pefomense Test 1-62,text,true,,366615,129,100,100,https://www.shohoz.com/bus-tickets,1890,0,0
1714103143058,117786,HTTP Request,200,OK,Pefomense Test 1-87,text,true,,366615,129,99,99,https://www.shohoz.com/bus-tickets,4057,0,370
1714103233963,27943,HTTP Request,200,OK,Pefomense Test 1-91,text,true,,366609,129,99,99,https://www.shohoz.com/bus-tickets,1168,0,0
1714103225844,36517,HTTP Request,200,OK,Pefomense Test 1-100,text,true,,366611,129,99,99,https://www.shohoz.com/bus-tickets,2144,0,862
1714103142749,119631,HTTP Request,200,OK,Pefomense Test 1-56,text,true,,366609,129,99,99,https://www.shohoz.com/bus-tickets,5842,0,178
1714103232921,29577,HTTP Request,200,OK,Pefomense Test 1-19,text,true,,366615,129,99,99,https://www.shohoz.com/bus-tickets,2016,0,545
1714103225035,38649,HTTP Request,200,OK,Pefomense Test 1-46,text,true,,366611,129,99,99,https://www.shohoz.com/bus-tickets,10212,0,0
1714103232740,31081,HTTP Request,200,OK,Pefomense Test 1-60,text,true,,366607,129,99,99,https://www.shohoz.com/bus-tickets,2819,0,1648
1714103142959,121053,HTTP Request,200,OK,Pefomense Test 1-77,text,true,,366609,129,99,99,https://www.shohoz.com/bus-tickets,3994,0,127
1714103229863,34783,HTTP Request,200,OK,Pefomense Test 1-49,text,true,,366607,129,99,99,https://www.shohoz.com/bus-tickets,3391,0,1609
1714103142979,122012,HTTP Request,200,OK,Pefomense Test 1-79,text,true,,366611,129,99,99,https://www.shohoz.com/bus-tickets,7256,0,5146
1714103244720,21575,HTTP Request,200,OK,Pefomense Test 1-1,text,true,,366611,129,99,99,https://www.shohoz.com/bus-tickets,1308,0,0
1714103228388,38795,HTTP Request,200,OK,Pefomense Test 1-92,text,true,,366611,129,98,98,https://www.shohoz.com/bus-tickets,1446,0,626
1714103240794,26964,HTTP Request,200,OK,Pefomense Test 1-68,text,true,,366611,129,98,98,https://www.shohoz.com/bus-tickets,1805,0,0
1714103190066,77856,HTTP Request,200,OK,Pefomense Test 1-37,text,true,,366609,129,98,98,https://www.shohoz.com/bus-tickets,2333,0,0
1714103232085,35923,HTTP Request,200,OK,Pefomense Test 1-50,text,true,,366616,129,98,98,https://www.shohoz.com/bus-tickets,5116,0,1041
1714103142237,126125,HTTP Request,200,OK,Pefomense Test 1-5,text,true,,366603,129,98,98,https://www.shohoz.com/bus-tickets,756,0,103
1714103142388,126553,HTTP Request,200,OK,Pefomense Test 1-20,text,true,,366609,129,98,98,https://www.shohoz.com/bus-tickets,1892,0,351
1714103242581,27006,HTTP Request,200,OK,Pefomense Test 1-39,text,true,,366611,129,98,98,https://www.shohoz.com/bus-tickets,2232,0,0
1714103240562,29264,HTTP Request,200,OK,Pefomense Test 1-81,text,true,,366615,129,97,97,https://www.shohoz.com/bus-tickets,1588,0,605
1714103218135,52749,HTTP Request,200,OK,Pefomense Test 1-44,text,true,,366611,129,97,97,https://www.shohoz.com/bus-tickets,3907,0,1555
1714103232632,38271,HTTP Request,200,OK,Pefomense Test 1-78,text,true,,366603,129,97,97,https://www.shohoz.com/bus-tickets,1405,0,0
1714103226556,48263,HTTP Request,200,OK,Pefomense Test 1-59,text,true,,366613,129,97,97,https://www.shohoz.com/bus-tickets,2469,0,566
1714103242559,32835,HTTP Request,200,OK,Pefomense Test 1-93,text,true,,366607,129,97,97,https://www.shohoz.com/bus-tickets,2006,0,215
1714103253626,22373,HTTP Request,200,OK,Pefomense Test 1-23,text,true,,366609,129,97,97,https://www.shohoz.com/bus-tickets,1921,0,0
1714103237825,38573,HTTP Request,200,OK,Pefomense Test 1-94,text,true,,366603,129,96,96,https://www.shohoz.com/bus-tickets,2726,0,0
1714103235504,41704,HTTP Request,200,OK,Pefomense Test 1-47,text,true,,366609,129,96,96,https://www.shohoz.com/bus-tickets,3039,0,715
1714103224725,52527,HTTP Request,200,OK,Pefomense Test 1-71,text,true,,366609,129,96,96,https://www.shohoz.com/bus-tickets,2356,0,0
1714103252739,24648,HTTP Request,200,OK,Pefomense Test 1-70,text,true,,366615,129,96,96,https://www.shohoz.com/bus-tickets,3668,0,0
1714103142221,135654,HTTP Request,200,OK,Pefomense Test 1-2,text,true,,366609,129,95,95,https://www.shohoz.com/bus-tickets,12554,0,476
1714103235227,43364,HTTP Request,200,OK,Pefomense Test 1-80,text,true,,366609,129,95,95,https://www.shohoz.com/bus-tickets,1697,0,216
1714103142549,137006,HTTP Request,200,OK,Pefomense Test 1-36,text,true,,366613,129,95,95,https://www.shohoz.com/bus-tickets,2062,0,147
1714103246416,35043,HTTP Request,200,OK,Pefomense Test 1-29,text,true,,366611,129,95,95,https://www.shohoz.com/bus-tickets,3108,0,0
1714103253553,29893,HTTP Request,200,OK,Pefomense Test 1-33,text,true,,366611,129,95,95,https://www.shohoz.com/bus-tickets,1122,0,0
1714103261906,22064,HTTP Request,200,OK,Pefomense Test 1-91,text,true,,366611,129,95,95,https://www.shohoz.com/bus-tickets,1360,0,0
1714103252759,31258,HTTP Request,200,OK,Pefomense Test 1-53,text,true,,366609,129,95,95,https://www.shohoz.com/bus-tickets,3142,0,1254
1714103242063,43190,HTTP Request,200,OK,Pefomense Test 1-98,text,true,,366615,129,95,95,https://www.shohoz.com/bus-tickets,1620,0,0
1714103237252,48273,HTTP Request,200,OK,Pefomense Test 1-13,text,true,,366611,129,94,94,https://www.shohoz.com/bus-tickets,3441,0,1827
1714103240655,45229,HTTP Request,200,OK,Pefomense Test 1-31,text,true,,366609,129,94,94,https://www.shohoz.com/bus-tickets,3727,0,0
1714103231699,54240,HTTP Request,200,OK,Pefomense Test 1-88,text,true,,366607,129,94,94,https://www.shohoz.com/bus-tickets,1878,0,0
1714103142700,144099,HTTP Request,200,OK,Pefomense Test 1-51,text,true,,366603,129,94,94,https://www.shohoz.com/bus-tickets,2552,0,101
1714103221772,65157,HTTP Request,200,OK,Pefomense Test 1-40,text,true,,366609,129,94,94,https://www.shohoz.com/bus-tickets,4455,0,2987
1714103255337,31665,HTTP Request,200,OK,Pefomense Test 1-52,text,true,,366609,129,93,93,https://www.shohoz.com/bus-tickets,2114,0,0
1714103247344,39827,HTTP Request,200,OK,Pefomense Test 1-75,text,true,,366607,129,93,93,https://www.shohoz.com/bus-tickets,1053,0,211
1714103223727,63498,HTTP Request,200,OK,Pefomense Test 1-96,text,true,,366611,129,93,93,https://www.shohoz.com/bus-tickets,5839,0,1020
1714103262498,24909,HTTP Request,200,OK,Pefomense Test 1-19,text,true,,366609,129,93,93,https://www.shohoz.com/bus-tickets,1044,0,0
1714103254523,33501,HTTP Request,200,OK,Pefomense Test 1-61,text,true,,366615,129,93,93,https://www.shohoz.com/bus-tickets,1733,0,0
1714103226139,62036,HTTP Request,200,OK,Pefomense Test 1-32,text,true,,366603,129,93,93,https://www.shohoz.com/bus-tickets,9487,0,2017
1714103241505,47886,HTTP Request,200,OK,Pefomense Test 1-84,text,true,,366603,129,93,93,https://www.shohoz.com/bus-tickets,2233,0,0
1714103243148,46368,HTTP Request,200,OK,Pefomense Test 1-14,text,true,,366609,129,93,93,https://www.shohoz.com/bus-tickets,7593,0,0
1714103264013,26534,HTTP Request,200,OK,Pefomense Test 1-77,text,true,,366609,129,93,93,https://www.shohoz.com/bus-tickets,1612,0,496
1714103263822,26837,HTTP Request,200,OK,Pefomense Test 1-60,text,true,,366607,129,93,93,https://www.shohoz.com/bus-tickets,2607,0,0
1714103253167,39246,HTTP Request,200,OK,Pefomense Test 1-42,text,true,,366609,129,93,93,https://www.shohoz.com/bus-tickets,2142,0,0
1714103222533,71262,HTTP Request,200,OK,Pefomense Test 1-58,text,true,,366607,129,92,92,https://www.shohoz.com/bus-tickets,4358,0,3179
1714103262380,33290,HTTP Request,200,OK,Pefomense Test 1-56,text,true,,366603,129,92,92,https://www.shohoz.com/bus-tickets,2283,0,1370
1714103215599,81086,HTTP Request,200,OK,Pefomense Test 1-55,text,true,,366603,129,92,92,https://www.shohoz.com/bus-tickets,1113,0,320
1714103247849,48898,HTTP Request,200,OK,Pefomense Test 1-85,text,true,,366611,129,92,92,https://www.shohoz.com/bus-tickets,1005,0,0
1714103260224,36801,HTTP Request,200,OK,Pefomense Test 1-45,text,true,,366609,129,92,92,https://www.shohoz.com/bus-tickets,2550,0,0
1714103223448,73815,HTTP Request,200,OK,Pefomense Test 1-18,text,true,,366603,129,91,91,https://www.shohoz.com/bus-tickets,5099,0,3129
1714103270904,26823,HTTP Request,200,OK,Pefomense Test 1-78,text,true,,366603,129,91,91,https://www.shohoz.com/bus-tickets,1105,0,223
1714103227949,71016,HTTP Request,200,OK,Pefomense Test 1-3,text,true,,366609,129,90,90,https://www.shohoz.com/bus-tickets,42345,0,40977
1714103267933,31654,HTTP Request,200,OK,Pefomense Test 1-37,text,true,,366615,129,90,90,https://www.shohoz.com/bus-tickets,1807,0,304
1714103247013,52619,HTTP Request,200,OK,Pefomense Test 1-82,text,true,,366611,129,90,90,https://www.shohoz.com/bus-tickets,7635,0,5246
1714103142488,157420,HTTP Request,200,OK,Pefomense Test 1-30,text,true,,366609,129,90,90,https://www.shohoz.com/bus-tickets,10866,0,149
1714103257410,42782,HTTP Request,200,OK,Pefomense Test 1-9,text,true,,366611,129,90,90,https://www.shohoz.com/bus-tickets,1748,0,920
1714103252203,48399,HTTP Request,200,OK,Pefomense Test 1-89,text,true,,366607,129,90,90,https://www.shohoz.com/bus-tickets,1747,0,979
1714103238319,62305,HTTP Request,200,OK,Pefomense Test 1-24,text,true,,366607,129,90,90,https://www.shohoz.com/bus-tickets,7194,0,1775
1714103247591,53099,HTTP Request,200,OK,Pefomense Test 1-25,text,true,,366622,129,90,90,https://www.shohoz.com/bus-tickets,5271,0,974
1714103270884,29835,HTTP Request,200,OK,Pefomense Test 1-44,text,true,,366609,129,90,90,https://www.shohoz.com/bus-tickets,952,0,0
1714103268364,34296,HTTP Request,200,OK,Pefomense Test 1-5,text,true,,366611,129,89,89,https://www.shohoz.com/bus-tickets,1316,0,234
1714103264647,38120,HTTP Request,200,OK,Pefomense Test 1-49,text,true,,366603,129,89,89,https://www.shohoz.com/bus-tickets,1370,0,0
1714103264992,39564,HTTP Request,200,OK,Pefomense Test 1-79,text,true,,366611,129,88,88,https://www.shohoz.com/bus-tickets,3644,0,1659
1714103260061,44566,HTTP Request,200,OK,Pefomense Test 1-17,text,true,,366603,129,88,88,https://www.shohoz.com/bus-tickets,3643,0,0
1714103274820,30057,HTTP Request,200,OK,Pefomense Test 1-59,text,true,,366609,129,87,87,https://www.shohoz.com/bus-tickets,1384,0,0
1714103260844,45830,HTTP Request,200,OK,Pefomense Test 1-87,text,true,,366609,129,87,87,https://www.shohoz.com/bus-tickets,1581,0,217
1714103277876,29638,HTTP Request,200,OK,Pefomense Test 1-2,text,true,,366609,129,87,87,https://www.shohoz.com/bus-tickets,1147,0,232
1714103241517,66267,HTTP Request,200,OK,Pefomense Test 1-28,text,true,,366607,129,87,87,https://www.shohoz.com/bus-tickets,3387,0,0
1714103142618,165578,HTTP Request,200,OK,Pefomense Test 1-43,text,true,,366607,129,87,87,https://www.shohoz.com/bus-tickets,6457,0,249
1714103268941,40542,HTTP Request,200,OK,Pefomense Test 1-20,text,true,,366609,129,87,87,https://www.shohoz.com/bus-tickets,1074,0,227
1714103284017,25583,HTTP Request,200,OK,Pefomense Test 1-53,text,true,,366603,129,87,87,https://www.shohoz.com/bus-tickets,1001,0,0
1714103267759,41863,HTTP Request,200,OK,Pefomense Test 1-68,text,true,,366609,129,87,87,https://www.shohoz.com/bus-tickets,1921,0,0
1714103142669,167405,HTTP Request,200,OK,Pefomense Test 1-48,text,true,,366609,129,87,87,https://www.shohoz.com/bus-tickets,2504,0,233
1714103285525,24991,HTTP Request,200,OK,Pefomense Test 1-13,text,true,,366611,129,87,87,https://www.shohoz.com/bus-tickets,1072,0,0
1714103246485,64411,HTTP Request,200,OK,Pefomense Test 1-16,text,true,,366609,129,87,87,https://www.shohoz.com/bus-tickets,6303,0,0
1714103256441,54601,HTTP Request,200,OK,Pefomense Test 1-22,text,true,,366609,129,86,86,https://www.shohoz.com/bus-tickets,7046,0,4471
1714103278591,33085,HTTP Request,200,OK,Pefomense Test 1-80,text,true,,366611,129,86,86,https://www.shohoz.com/bus-tickets,1634,0,0
1714103277253,35023,HTTP Request,200,OK,Pefomense Test 1-71,text,true,,366611,129,86,86,https://www.shohoz.com/bus-tickets,2748,0,1662
1714103281459,32713,HTTP Request,200,OK,Pefomense Test 1-29,text,true,,366609,129,86,86,https://www.shohoz.com/bus-tickets,1060,0,0
1714103236893,77511,HTTP Request,200,OK,Pefomense Test 1-73,text,true,,366611,129,85,85,https://www.shohoz.com/bus-tickets,21787,0,443
1714103276399,38204,HTTP Request,200,OK,Pefomense Test 1-94,text,true,,366607,129,85,85,https://www.shohoz.com/bus-tickets,2119,0,271
1714103288025,26941,HTTP Request,200,OK,Pefomense Test 1-61,text,true,,366609,129,84,84,https://www.shohoz.com/bus-tickets,1307,0,227
1714103283445,33556,HTTP Request,200,OK,Pefomense Test 1-33,text,true,,366616,129,84,84,https://www.shohoz.com/bus-tickets,6529,0,3589
1714103287407,31729,HTTP Request,200,OK,Pefomense Test 1-19,text,true,,366611,129,83,83,https://www.shohoz.com/bus-tickets,981,0,0
1714103263685,56067,HTTP Request,200,OK,Pefomense Test 1-46,text,true,,366609,129,83,83,https://www.shohoz.com/bus-tickets,2092,0,1223
1714103262362,57421,HTTP Request,200,OK,Pefomense Test 1-100,text,true,,366609,129,82,82,https://www.shohoz.com/bus-tickets,1667,0,0
1714103287172,32956,HTTP Request,200,OK,Pefomense Test 1-75,text,true,,366615,129,82,82,https://www.shohoz.com/bus-tickets,1156,0,0
1714103277209,43327,HTTP Request,200,OK,Pefomense Test 1-47,text,true,,366603,129,82,82,https://www.shohoz.com/bus-tickets,1411,0,0
1714103290658,30042,HTTP Request,200,OK,Pefomense Test 1-60,text,true,,366607,129,82,82,https://www.shohoz.com/bus-tickets,4732,0,0
1714103267185,54587,HTTP Request,200,OK,Pefomense Test 1-92,text,true,,366615,129,82,82,https://www.shohoz.com/bus-tickets,964,0,0
1714103223593,98507,HTTP Request,200,OK,Pefomense Test 1-83,text,true,,366607,129,82,82,https://www.shohoz.com/bus-tickets,2237,0,923
1714103299632,23430,HTTP Request,200,OK,Pefomense Test 1-82,text,true,,366603,129,82,82,https://www.shohoz.com/bus-tickets,2614,0,0
1714103250429,72730,HTTP Request,200,OK,Pefomense Test 1-54,text,true,,366611,129,82,82,https://www.shohoz.com/bus-tickets,2872,0,0
1714103275394,48140,HTTP Request,200,OK,Pefomense Test 1-93,text,true,,366609,129,82,82,https://www.shohoz.com/bus-tickets,1638,0,0
1714103288175,35562,HTTP Request,200,OK,Pefomense Test 1-32,text,true,,366611,129,82,82,https://www.shohoz.com/bus-tickets,813,0,225
1714103287002,37235,HTTP Request,200,OK,Pefomense Test 1-52,text,true,,366609,129,82,82,https://www.shohoz.com/bus-tickets,6916,0,4139
1714103269827,54867,HTTP Request,200,OK,Pefomense Test 1-81,text,true,,366607,129,81,81,https://www.shohoz.com/bus-tickets,907,0,0
1714103290546,34535,HTTP Request,200,OK,Pefomense Test 1-77,text,true,,366611,129,81,81,https://www.shohoz.com/bus-tickets,4697,0,0
1714103283970,41575,HTTP Request,200,OK,Pefomense Test 1-91,text,true,,366603,129,81,81,https://www.shohoz.com/bus-tickets,2753,0,1056
1714103296686,29163,HTTP Request,200,OK,Pefomense Test 1-55,text,true,,366603,129,80,80,https://www.shohoz.com/bus-tickets,914,0,226
1714103293794,32868,HTTP Request,200,OK,Pefomense Test 1-58,text,true,,366609,129,79,79,https://www.shohoz.com/bus-tickets,1826,0,820
1714103302659,25044,HTTP Request,200,OK,Pefomense Test 1-5,text,true,,366620,129,79,79,https://www.shohoz.com/bus-tickets,1577,0,0
1714103300602,29760,HTTP Request,200,OK,Pefomense Test 1-89,text,true,,366619,129,79,79,https://www.shohoz.com/bus-tickets,3602,0,0
1714103306674,23960,HTTP Request,200,OK,Pefomense Test 1-87,text,true,,366611,129,79,79,https://www.shohoz.com/bus-tickets,1746,0,0
1714103254496,76177,HTTP Request,200,OK,Pefomense Test 1-21,text,true,,366611,129,79,79,https://www.shohoz.com/bus-tickets,25788,0,2898
1714103285940,45135,HTTP Request,200,OK,Pefomense Test 1-88,text,true,,366609,129,79,79,https://www.shohoz.com/bus-tickets,2098,0,716
1714103309600,21721,HTTP Request,200,OK,Pefomense Test 1-53,text,true,,366609,129,79,79,https://www.shohoz.com/bus-tickets,989,0,0
1714103142298,189072,HTTP Request,200,OK,Pefomense Test 1-11,text,true,,366615,129,79,79,https://www.shohoz.com/bus-tickets,676,0,99
1714103237952,93946,HTTP Request,200,OK,Pefomense Test 1-72,text,true,,366609,129,79,79,https://www.shohoz.com/bus-tickets,3565,0,0
1714103300691,31453,HTTP Request,200,OK,Pefomense Test 1-25,text,true,,366607,129,78,78,https://www.shohoz.com/bus-tickets,3230,0,0
1714103297263,36216,HTTP Request,200,OK,Pefomense Test 1-18,text,true,,366609,129,78,78,https://www.shohoz.com/bus-tickets,1607,0,731
1714103307514,26108,HTTP Request,200,OK,Pefomense Test 1-2,text,true,,366607,129,78,78,https://www.shohoz.com/bus-tickets,1997,0,0
1714103300625,33413,HTTP Request,200,OK,Pefomense Test 1-24,text,true,,366611,129,78,78,https://www.shohoz.com/bus-tickets,2538,0,230
1714103298965,35596,HTTP Request,200,OK,Pefomense Test 1-3,text,true,,366611,129,77,77,https://www.shohoz.com/bus-tickets,7610,0,686
1714103279554,55043,HTTP Request,200,OK,Pefomense Test 1-36,text,true,,366613,129,76,76,https://www.shohoz.com/bus-tickets,1181,0,222
1714103300193,36310,HTTP Request,200,OK,Pefomense Test 1-9,text,true,,366611,129,76,76,https://www.shohoz.com/bus-tickets,1901,0,0
1714103268009,68623,HTTP Request,200,OK,Pefomense Test 1-50,text,true,,366607,129,76,76,https://www.shohoz.com/bus-tickets,1141,0,0
1714103309483,27348,HTTP Request,200,OK,Pefomense Test 1-20,text,true,,366603,129,76,76,https://www.shohoz.com/bus-tickets,1283,0,0
1714103289517,48120,HTTP Request,200,OK,Pefomense Test 1-14,text,true,,366609,129,76,76,https://www.shohoz.com/bus-tickets,5912,0,635
1714103219076,119840,HTTP Request,200,OK,Pefomense Test 1-4,text,true,,366611,129,75,75,https://www.shohoz.com/bus-tickets,1662,0,647
1714103314966,24324,HTTP Request,200,OK,Pefomense Test 1-61,text,true,,366609,129,75,75,https://www.shohoz.com/bus-tickets,1638,0,0
1714103228695,110636,HTTP Request,200,OK,Pefomense Test 1-10,text,true,,366611,129,74,74,https://www.shohoz.com/bus-tickets,5528,0,3737
1714103286800,52596,HTTP Request,200,OK,Pefomense Test 1-51,text,true,,366609,129,74,74,https://www.shohoz.com/bus-tickets,2182,0,232
1714103304555,34961,HTTP Request,200,OK,Pefomense Test 1-79,text,true,,366615,129,74,74,https://www.shohoz.com/bus-tickets,1149,0,0
1714103295671,45272,HTTP Request,200,OK,Pefomense Test 1-56,text,true,,366611,129,74,74,https://www.shohoz.com/bus-tickets,1087,0,0
1714103289391,53059,HTTP Request,200,OK,Pefomense Test 1-84,text,true,,366603,129,74,74,https://www.shohoz.com/bus-tickets,6521,0,1839
1714103310516,33089,HTTP Request,200,OK,Pefomense Test 1-13,text,true,,366611,129,74,74,https://www.shohoz.com/bus-tickets,1035,0,219
1714103323159,21704,HTTP Request,200,OK,Pefomense Test 1-54,text,true,,366611,129,74,74,https://www.shohoz.com/bus-tickets,1834,0,655
1714103229725,115269,HTTP Request,200,OK,Pefomense Test 1-65,text,true,,366603,129,74,74,https://www.shohoz.com/bus-tickets,4746,0,2255
1714103319137,26659,HTTP Request,200,OK,Pefomense Test 1-19,text,true,,366615,129,74,74,https://www.shohoz.com/bus-tickets,5187,0,2922
1714103311676,34984,HTTP Request,200,OK,Pefomense Test 1-80,text,true,,366603,129,73,73,https://www.shohoz.com/bus-tickets,2771,0,1056
1714103319784,29233,HTTP Request,200,OK,Pefomense Test 1-100,text,true,,366611,129,72,72,https://www.shohoz.com/bus-tickets,2199,0,371
1714103142260,207212,HTTP Request,200,OK,Pefomense Test 1-7,text,true,,366609,129,72,72,https://www.shohoz.com/bus-tickets,2541,0,182
1714103320701,29407,HTTP Request,200,OK,Pefomense Test 1-60,text,true,,366603,129,72,72,https://www.shohoz.com/bus-tickets,1708,0,715
1714103142928,207285,HTTP Request,200,OK,Pefomense Test 1-74,text,true,,366611,129,71,71,https://www.shohoz.com/bus-tickets,142866,0,107
1714103314404,37845,HTTP Request,200,OK,Pefomense Test 1-73,text,true,,366611,129,71,71,https://www.shohoz.com/bus-tickets,1223,0,221
1714103296747,55539,HTTP Request,200,OK,Pefomense Test 1-85,text,true,,366607,129,70,70,https://www.shohoz.com/bus-tickets,2168,0,1220
1714103142857,209485,HTTP Request,200,OK,Pefomense Test 1-67,text,true,,366611,129,70,70,https://www.shohoz.com/bus-tickets,3855,0,97
1714103325081,27691,HTTP Request,200,OK,Pefomense Test 1-77,text,true,,366603,129,70,70,https://www.shohoz.com/bus-tickets,3305,0,1191
1714103194502,158328,HTTP Request,200,OK,Pefomense Test 1-34,text,true,,366607,129,70,70,https://www.shohoz.com/bus-tickets,44224,0,0
1714103326662,26812,HTTP Request,200,OK,Pefomense Test 1-58,text,true,,366615,129,70,70,https://www.shohoz.com/bus-tickets,1823,0,0
1714103308209,45811,HTTP Request,200,OK,Pefomense Test 1-43,text,true,,366609,129,70,70,https://www.shohoz.com/bus-tickets,8473,0,237
1714103236053,119048,HTTP Request,200,OK,Pefomense Test 1-26,text,true,,366611,129,70,70,https://www.shohoz.com/bus-tickets,1064,0,242
1714103287225,68026,HTTP Request,200,OK,Pefomense Test 1-96,text,true,,366611,129,69,69,https://www.shohoz.com/bus-tickets,1609,0,237
1714103327704,27643,HTTP Request,200,OK,Pefomense Test 1-5,text,true,,366611,129,68,68,https://www.shohoz.com/bus-tickets,1981,0,0
1714103312276,45266,HTTP Request,200,OK,Pefomense Test 1-71,text,true,,366607,129,68,68,https://www.shohoz.com/bus-tickets,3555,0,0
1714103307784,49800,HTTP Request,200,OK,Pefomense Test 1-28,text,true,,366609,129,67,67,https://www.shohoz.com/bus-tickets,1057,0,323
1714103233946,124365,HTTP Request,200,OK,Pefomense Test 1-64,text,true,,366610,129,67,67,https://www.shohoz.com/bus-tickets,3579,0,0
1714103223492,134836,HTTP Request,200,OK,Pefomense Test 1-57,text,true,,366611,129,67,67,https://www.shohoz.com/bus-tickets,4002,0,622
1714103311043,47630,HTTP Request,200,OK,Pefomense Test 1-22,text,true,,366609,129,67,67,https://www.shohoz.com/bus-tickets,3029,0,0
1714103285884,72873,HTTP Request,200,OK,Pefomense Test 1-31,text,true,,366611,129,67,67,https://www.shohoz.com/bus-tickets,5357,0,360
1714103332144,27030,HTTP Request,200,OK,Pefomense Test 1-25,text,true,,366607,129,67,67,https://www.shohoz.com/bus-tickets,2071,0,611
1714103304877,54683,HTTP Request,200,OK,Pefomense Test 1-59,text,true,,366607,129,66,66,https://www.shohoz.com/bus-tickets,1075,0,465
1714103322099,39048,HTTP Request,200,OK,Pefomense Test 1-83,text,true,,366611,129,65,65,https://www.shohoz.com/bus-tickets,14484,0,474
1714103323062,38617,HTTP Request,200,OK,Pefomense Test 1-82,text,true,,366614,129,65,65,https://www.shohoz.com/bus-tickets,2309,0,1117
1714103343605,19154,HTTP Request,200,OK,Pefomense Test 1-13,text,true,,366615,129,65,65,https://www.shohoz.com/bus-tickets,2045,0,0
1714103333622,29397,HTTP Request,200,OK,Pefomense Test 1-2,text,true,,366611,129,64,64,https://www.shohoz.com/bus-tickets,2111,0,0
1714103340943,23153,HTTP Request,200,OK,Pefomense Test 1-56,text,true,,366609,129,64,64,https://www.shohoz.com/bus-tickets,3011,0,358
1714103324694,39787,HTTP Request,200,OK,Pefomense Test 1-81,text,true,,366610,129,64,64,https://www.shohoz.com/bus-tickets,2578,0,985
1714103331075,34324,HTTP Request,200,OK,Pefomense Test 1-88,text,true,,366611,129,63,63,https://www.shohoz.com/bus-tickets,2970,0,0
1714103339396,26291,HTTP Request,200,OK,Pefomense Test 1-51,text,true,,366603,129,62,62,https://www.shohoz.com/bus-tickets,3008,0,0
1714103333479,32428,HTTP Request,200,OK,Pefomense Test 1-18,text,true,,366616,129,62,62,https://www.shohoz.com/bus-tickets,1637,0,0
1714103321772,44401,HTTP Request,200,OK,Pefomense Test 1-92,text,true,,366615,129,62,62,https://www.shohoz.com/bus-tickets,5046,0,991
1714103309621,56977,HTTP Request,200,OK,Pefomense Test 1-68,text,true,,366603,129,62,62,https://www.shohoz.com/bus-tickets,6572,0,2972
1714103330634,36583,HTTP Request,200,OK,Pefomense Test 1-87,text,true,,366615,129,61,61,https://www.shohoz.com/bus-tickets,1870,0,1034
1714103336831,30787,HTTP Request,200,OK,Pefomense Test 1-20,text,true,,366609,129,61,61,https://www.shohoz.com/bus-tickets,3003,0,1618
1714103336504,31627,HTTP Request,200,OK,Pefomense Test 1-9,text,true,,366609,129,61,61,https://www.shohoz.com/bus-tickets,1052,0,227
1714103323535,45293,HTTP Request,200,OK,Pefomense Test 1-93,text,true,,366611,129,61,61,https://www.shohoz.com/bus-tickets,988,0,220
1714103349018,19933,HTTP Request,200,OK,Pefomense Test 1-100,text,true,,366607,129,61,61,https://www.shohoz.com/bus-tickets,1520,0,0
1714103344863,24598,HTTP Request,200,OK,Pefomense Test 1-54,text,true,,366609,129,60,60,https://www.shohoz.com/bus-tickets,1821,0,0
1714103320536,51065,HTTP Request,200,OK,Pefomense Test 1-47,text,true,,366611,129,59,59,https://www.shohoz.com/bus-tickets,3947,0,1617
1714103353474,19043,HTTP Request,200,OK,Pefomense Test 1-58,text,true,,366603,129,59,59,https://www.shohoz.com/bus-tickets,1368,0,0
1714103299908,73283,HTTP Request,200,OK,Pefomense Test 1-30,text,true,,366603,129,58,58,https://www.shohoz.com/bus-tickets,1178,0,218
1714103339517,33892,HTTP Request,200,OK,Pefomense Test 1-79,text,true,,366611,129,58,58,https://www.shohoz.com/bus-tickets,7752,0,5317
1714103342450,31335,HTTP Request,200,OK,Pefomense Test 1-84,text,true,,366611,129,58,58,https://www.shohoz.com/bus-tickets,2315,0,0
1714103339332,35085,HTTP Request,200,OK,Pefomense Test 1-10,text,true,,366622,129,57,57,https://www.shohoz.com/bus-tickets,4304,0,974
1714103334598,39851,HTTP Request,200,OK,Pefomense Test 1-36,text,true,,366609,129,57,57,https://www.shohoz.com/bus-tickets,2577,0,0
1714103349472,25719,HTTP Request,200,OK,Pefomense Test 1-7,text,true,,366609,129,57,57,https://www.shohoz.com/bus-tickets,2777,0,234
1714103352772,23796,HTTP Request,200,OK,Pefomense Test 1-77,text,true,,366611,129,57,57,https://www.shohoz.com/bus-tickets,1187,0,0
1714103358673,18383,HTTP Request,200,OK,Pefomense Test 1-22,text,true,,366611,129,56,56,https://www.shohoz.com/bus-tickets,3598,0,1580
1714103336631,40861,HTTP Request,200,OK,Pefomense Test 1-50,text,true,,366609,129,56,56,https://www.shohoz.com/bus-tickets,6924,0,1715
1714103354020,23786,HTTP Request,200,OK,Pefomense Test 1-43,text,true,,366609,129,55,55,https://www.shohoz.com/bus-tickets,2310,0,0
1714103338915,39348,HTTP Request,200,OK,Pefomense Test 1-4,text,true,,366611,129,55,55,https://www.shohoz.com/bus-tickets,7916,0,6080
1714103363019,230210,HTTP Request,200,OK,Pefomense Test 1-2,text,true,,366611,129,55,55,https://www.shohoz.com/bus-tickets,1383,0,193
1714103331370,261860,HTTP Request,200,OK,Pefomense Test 1-11,text,true,,366603,129,55,55,https://www.shohoz.com/bus-tickets,1372,0,219
1714103142310,450920,HTTP Request,200,OK,Pefomense Test 1-12,text,true,,366607,129,54,54,https://www.shohoz.com/bus-tickets,154424,0,116
1714103367618,225613,HTTP Request,200,OK,Pefomense Test 1-20,text,true,,366607,129,54,54,https://www.shohoz.com/bus-tickets,1286,0,0
1714103357584,235647,HTTP Request,200,OK,Pefomense Test 1-28,text,true,,366611,129,54,54,https://www.shohoz.com/bus-tickets,704,0,0
1714103358757,234475,HTTP Request,200,OK,Pefomense Test 1-31,text,true,,366607,129,52,52,https://www.shohoz.com/bus-tickets,2615,0,222
1714103202993,390239,HTTP Request,200,OK,Pefomense Test 1-35,text,true,,366613,129,52,52,https://www.shohoz.com/bus-tickets,2820,0,653
1714103364096,229137,HTTP Request,200,OK,Pefomense Test 1-56,text,true,,366611,129,51,51,https://www.shohoz.com/bus-tickets,957,0,0
1714103310075,283158,HTTP Request,200,OK,Pefomense Test 1-48,text,true,,366609,129,51,51,https://www.shohoz.com/bus-tickets,3447,0,1241
1714103365688,227545,HTTP Request,200,OK,Pefomense Test 1-51,text,true,,366611,129,51,51,https://www.shohoz.com/bus-tickets,1860,0,221
1714103352343,240891,HTTP Request,200,OK,Pefomense Test 1-67,text,true,,366607,129,50,50,https://www.shohoz.com/bus-tickets,2325,0,535
1714103358311,234923,HTTP Request,200,OK,Pefomense Test 1-64,text,true,,366609,129,50,50,https://www.shohoz.com/bus-tickets,3866,0,1934
1714103240028,353206,HTTP Request,200,OK,Pefomense Test 1-63,text,true,,366611,129,50,50,https://www.shohoz.com/bus-tickets,3348,0,0
1714103320128,273106,HTTP Request,200,OK,Pefomense Test 1-75,text,true,,366603,129,50,50,https://www.shohoz.com/bus-tickets,3076,0,1220
1714103142948,450287,HTTP Request,200,OK,Pefomense Test 1-76,text,true,,366615,129,50,50,https://www.shohoz.com/bus-tickets,2798,0,136
1714103361147,232088,HTTP Request,200,OK,Pefomense Test 1-83,text,true,,366609,129,50,50,https://www.shohoz.com/bus-tickets,3011,0,0
1714103143137,450099,HTTP Request,200,OK,Pefomense Test 1-95,text,true,,366615,129,50,50,https://www.shohoz.com/bus-tickets,5731,0,900
1714103355347,237890,HTTP Request,200,OK,Pefomense Test 1-5,text,true,,366603,129,50,50,https://www.shohoz.com/bus-tickets,3304,0,1584
1714103352831,240410,HTTP Request,200,OK,Pefomense Test 1-34,text,true,,366611,129,49,49,https://www.shohoz.com/bus-tickets,2653,0,1234
1714103142847,450395,HTTP Request,200,OK,Pefomense Test 1-66,text,true,,366611,129,49,49,https://www.shohoz.com/bus-tickets,2308,0,90
1714103344995,248247,HTTP Request,200,OK,Pefomense Test 1-65,text,true,,366609,129,49,49,https://www.shohoz.com/bus-tickets,2073,0,500
1714103350213,243030,HTTP Request,200,OK,Pefomense Test 1-74,text,true,,366622,129,49,49,https://www.shohoz.com/bus-tickets,1817,0,214
1714103142877,450366,HTTP Request,200,OK,Pefomense Test 1-69,text,true,,366615,129,49,49,https://www.shohoz.com/bus-tickets,3857,0,98
1714103361679,231564,HTTP Request,200,OK,Pefomense Test 1-82,text,true,,366613,129,49,49,https://www.shohoz.com/bus-tickets,1625,0,0
1714103352286,240958,HTTP Request,200,OK,Pefomense Test 1-85,text,true,,366615,129,48,48,https://www.shohoz.com/bus-tickets,3146,0,0
1714103330362,262882,HTTP Request,200,OK,Pefomense Test 1-89,text,true,,366603,129,48,48,https://www.shohoz.com/bus-tickets,8993,0,6539
1714103323737,269508,HTTP Request,200,OK,Pefomense Test 1-32,text,true,,366607,129,46,46,https://www.shohoz.com/bus-tickets,2175,0,0
1714103330673,262578,HTTP Request,200,OK,Pefomense Test 1-21,text,true,,366609,129,45,45,https://www.shohoz.com/bus-tickets,4491,0,486
1714103142247,451668,HTTP Request,200,OK,Pefomense Test 1-6,text,true,,366607,129,45,45,https://www.shohoz.com/bus-tickets,1482,0,94
1714103366173,229049,HTTP Request,200,OK,Pefomense Test 1-92,text,true,,366615,129,45,45,https://www.shohoz.com/bus-tickets,2651,0,0
1714103374450,222546,HTTP Request,200,OK,Pefomense Test 1-36,text,true,,366611,129,44,44,https://www.shohoz.com/bus-tickets,1670,0,164
1714103143158,454490,HTTP Request,200,OK,Pefomense Test 1-97,text,true,,366613,129,44,44,https://www.shohoz.com/bus-tickets,6560,0,3212
1714103375192,223661,HTTP Request,200,OK,Pefomense Test 1-7,text,true,,366603,129,44,44,https://www.shohoz.com/bus-tickets,900,0,0
1714103371601,227471,HTTP Request,200,OK,Pefomense Test 1-47,text,true,,366611,129,44,44,https://www.shohoz.com/bus-tickets,3795,0,0
1714103367217,232255,HTTP Request,200,OK,Pefomense Test 1-87,text,true,,366615,129,43,43,https://www.shohoz.com/bus-tickets,5309,0,0
1714103374417,225424,HTTP Request,200,OK,Pefomense Test 1-10,text,true,,366607,129,42,42,https://www.shohoz.com/bus-tickets,2173,0,0
1714103299586,300278,HTTP Request,200,OK,Pefomense Test 1-37,text,true,,366609,129,41,41,https://www.shohoz.com/bus-tickets,7042,0,0
1714103377806,222201,HTTP Request,200,OK,Pefomense Test 1-43,text,true,,366603,129,41,41,https://www.shohoz.com/bus-tickets,215427,0,221
1714103365907,234105,HTTP Request,200,OK,Pefomense Test 1-18,text,true,,366607,129,41,41,https://www.shohoz.com/bus-tickets,7775,0,203
1714103142268,458109,HTTP Request,200,OK,Pefomense Test 1-8,text,true,,366611,129,40,40,https://www.shohoz.com/bus-tickets,1329,0,102
1714103331321,269453,HTTP Request,200,OK,Pefomense Test 1-53,text,true,,366615,129,40,40,https://www.shohoz.com/bus-tickets,2151,0,690
1714103142569,459743,HTTP Request,200,OK,Pefomense Test 1-38,text,true,,366615,129,39,39,https://www.shohoz.com/bus-tickets,8843,0,128
1714103368132,234299,HTTP Request,200,OK,Pefomense Test 1-9,text,true,,366607,129,39,39,https://www.shohoz.com/bus-tickets,3173,0,0
1714103377057,225374,HTTP Request,200,OK,Pefomense Test 1-22,text,true,,366611,129,39,39,https://www.shohoz.com/bus-tickets,1024,0,0
1714103143048,459806,HTTP Request,200,OK,Pefomense Test 1-86,text,true,,366611,129,37,37,https://www.shohoz.com/bus-tickets,9780,0,1596
1714103378264,225242,HTTP Request,200,OK,Pefomense Test 1-4,text,true,,366615,129,37,37,https://www.shohoz.com/bus-tickets,214965,0,0
1714103143179,460337,HTTP Request,200,OK,Pefomense Test 1-99,text,true,,366603,129,37,37,https://www.shohoz.com/bus-tickets,8306,0,2803
1714103142598,461655,HTTP Request,200,OK,Pefomense Test 1-41,text,true,,366611,129,37,37,https://www.shohoz.com/bus-tickets,17409,0,194
1714103358327,246065,HTTP Request,200,OK,Pefomense Test 1-57,text,true,,366611,129,37,37,https://www.shohoz.com/bus-tickets,13810,0,6475
1714103142338,462628,HTTP Request,200,OK,Pefomense Test 1-15,text,true,,366607,129,36,36,https://www.shohoz.com/bus-tickets,450892,0,95
1714103373409,232084,HTTP Request,200,OK,Pefomense Test 1-79,text,true,,366615,129,36,36,https://www.shohoz.com/bus-tickets,2696,0,0
1714103593232,14241,HTTP Request,200,OK,Pefomense Test 1-35,text,true,,366607,129,35,35,https://www.shohoz.com/bus-tickets,2876,0,635
1714103373191,234480,HTTP Request,200,OK,Pefomense Test 1-30,text,true,,366603,129,35,35,https://www.shohoz.com/bus-tickets,220050,0,3264
1714103143088,465031,HTTP Request,200,OK,Pefomense Test 1-90,text,true,,366613,129,35,35,https://www.shohoz.com/bus-tickets,17949,0,792
1714103593233,17421,HTTP Request,200,OK,Pefomense Test 1-48,text,true,,366609,129,35,35,https://www.shohoz.com/bus-tickets,1047,0,267
1714103593243,19487,HTTP Request,200,OK,Pefomense Test 1-66,text,true,,366609,129,35,35,https://www.shohoz.com/bus-tickets,1542,0,288
1714103593234,19764,HTTP Request,200,OK,Pefomense Test 1-67,text,true,,366611,129,35,35,https://www.shohoz.com/bus-tickets,4036,0,261
1714103593251,21115,HTTP Request,200,OK,Pefomense Test 1-21,text,true,,366615,129,35,35,https://www.shohoz.com/bus-tickets,3706,0,1593
1714103593230,21409,HTTP Request,200,OK,Pefomense Test 1-12,text,true,,366609,129,35,35,https://www.shohoz.com/bus-tickets,4891,0,1515
1714103593235,21521,HTTP Request,200,OK,Pefomense Test 1-83,text,true,,366615,129,35,35,https://www.shohoz.com/bus-tickets,3737,0,1511
1714103596995,17893,HTTP Request,200,OK,Pefomense Test 1-36,text,true,,366607,129,34,34,https://www.shohoz.com/bus-tickets,1670,0,736
1714103244545,370510,HTTP Request,200,OK,Pefomense Test 1-27,text,true,,366607,129,33,33,https://www.shohoz.com/bus-tickets,351002,0,348686
1714103593234,22018,HTTP Request,200,OK,Pefomense Test 1-63,text,true,,366611,129,33,33,https://www.shohoz.com/bus-tickets,4075,0,2862
1714103368829,246543,HTTP Request,200,OK,Pefomense Test 1-93,text,true,,366609,129,32,32,https://www.shohoz.com/bus-tickets,2405,0,0
1714103593233,22247,HTTP Request,200,OK,Pefomense Test 1-51,text,true,,366609,129,31,31,https://www.shohoz.com/bus-tickets,1296,0,261
1714103597647,18550,HTTP Request,200,OK,Pefomense Test 1-97,text,true,,366611,129,30,30,https://www.shohoz.com/bus-tickets,2524,0,1471
1714103598854,17937,HTTP Request,200,OK,Pefomense Test 1-7,text,true,,366609,129,30,30,https://www.shohoz.com/bus-tickets,1803,0,1017
1714103599864,17372,HTTP Request,200,OK,Pefomense Test 1-37,text,true,,366615,129,30,30,https://www.shohoz.com/bus-tickets,1466,0,647
1714103593234,26348,HTTP Request,200,OK,Pefomense Test 1-64,text,true,,366607,129,29,29,https://www.shohoz.com/bus-tickets,2128,0,254
1714103593243,27190,HTTP Request,200,OK,Pefomense Test 1-74,text,true,,366611,129,28,28,https://www.shohoz.com/bus-tickets,5913,0,2940
1714103593236,28118,HTTP Request,200,OK,Pefomense Test 1-95,text,true,,366603,129,28,28,https://www.shohoz.com/bus-tickets,7686,0,5814
1714103593243,28544,HTTP Request,200,OK,Pefomense Test 1-65,text,true,,366611,129,28,28,https://www.shohoz.com/bus-tickets,4643,0,915
1714103593235,28671,HTTP Request,200,OK,Pefomense Test 1-76,text,true,,366619,129,27,27,https://www.shohoz.com/bus-tickets,2529,0,1498
1714103603507,19518,HTTP Request,200,OK,Pefomense Test 1-4,text,true,,366609,129,27,27,https://www.shohoz.com/bus-tickets,1769,0,746
1714103600007,23331,HTTP Request,200,OK,Pefomense Test 1-43,text,true,,366609,129,26,26,https://www.shohoz.com/bus-tickets,1856,0,1020
1714103607473,15970,HTTP Request,200,OK,Pefomense Test 1-35,text,true,,366609,129,25,25,https://www.shohoz.com/bus-tickets,1389,0,0
1714103593230,30233,HTTP Request,200,OK,Pefomense Test 1-11,text,true,,366615,129,24,24,https://www.shohoz.com/bus-tickets,2843,0,441
1714103603516,20146,HTTP Request,200,OK,Pefomense Test 1-99,text,true,,366615,129,24,24,https://www.shohoz.com/bus-tickets,3772,0,1675
1714103604966,18985,HTTP Request,200,OK,Pefomense Test 1-15,text,true,,366607,129,24,24,https://www.shohoz.com/bus-tickets,3019,0,705
1714103612997,11803,HTTP Request,200,OK,Pefomense Test 1-67,text,true,,366607,129,24,24,https://www.shohoz.com/bus-tickets,1331,0,0
1714103612730,12355,HTTP Request,200,OK,Pefomense Test 1-66,text,true,,366611,129,24,24,https://www.shohoz.com/bus-tickets,1664,0,0
1714103607671,18227,HTTP Request,200,OK,Pefomense Test 1-30,text,true,,366603,129,24,24,https://www.shohoz.com/bus-tickets,1071,0,229
1714103593914,32580,HTTP Request,200,OK,Pefomense Test 1-6,text,true,,366611,129,24,24,https://www.shohoz.com/bus-tickets,769,0,137
1714103602854,23911,HTTP Request,200,OK,Pefomense Test 1-86,text,true,,366609,129,24,24,https://www.shohoz.com/bus-tickets,1632,0,460
1714103602313,24768,HTTP Request,200,OK,Pefomense Test 1-38,text,true,,366609,129,24,24,https://www.shohoz.com/bus-tickets,5756,0,3084
1714103615055,12244,HTTP Request,200,OK,Pefomense Test 1-27,text,true,,366603,129,24,24,https://www.shohoz.com/bus-tickets,1477,0,229
1714103593234,34481,HTTP Request,200,OK,Pefomense Test 1-75,text,true,,366619,129,24,24,https://www.shohoz.com/bus-tickets,4965,0,924
1714103600400,27370,HTTP Request,200,OK,Pefomense Test 1-8,text,true,,366609,129,23,23,https://www.shohoz.com/bus-tickets,1923,0,551
1714103614639,14457,HTTP Request,200,OK,Pefomense Test 1-12,text,true,,366613,129,23,23,https://www.shohoz.com/bus-tickets,4340,0,0
1714103614366,18067,HTTP Request,200,OK,Pefomense Test 1-21,text,true,,366603,129,23,23,https://www.shohoz.com/bus-tickets,5624,0,0
1714103610653,22073,HTTP Request,200,OK,Pefomense Test 1-48,text,true,,366609,129,22,22,https://www.shohoz.com/bus-tickets,960,0,0
1714103608120,25173,HTTP Request,200,OK,Pefomense Test 1-90,text,true,,366609,129,22,22,https://www.shohoz.com/bus-tickets,1515,0,652
1714103616198,17531,HTTP Request,200,OK,Pefomense Test 1-97,text,true,,366611,129,22,22,https://www.shohoz.com/bus-tickets,3281,0,0
1714103604253,29509,HTTP Request,200,OK,Pefomense Test 1-41,text,true,,366609,129,22,22,https://www.shohoz.com/bus-tickets,1413,0,222
1714103621906,14066,HTTP Request,200,OK,Pefomense Test 1-76,text,true,,366615,129,22,22,https://www.shohoz.com/bus-tickets,878,0,0
1714103621354,17577,HTTP Request,200,OK,Pefomense Test 1-95,text,true,,366609,129,22,22,https://www.shohoz.com/bus-tickets,937,0,0
1714103620434,21370,HTTP Request,200,OK,Pefomense Test 1-74,text,true,,366611,129,22,22,https://www.shohoz.com/bus-tickets,1639,0,0
1714103623951,19075,HTTP Request,200,OK,Pefomense Test 1-15,text,true,,366611,129,22,22,https://www.shohoz.com/bus-tickets,1271,0,0
1714103623463,20200,HTTP Request,200,OK,Pefomense Test 1-11,text,true,,366609,129,22,22,https://www.shohoz.com/bus-tickets,1103,0,0
1714103625898,18814,HTTP Request,200,OK,Pefomense Test 1-30,text,true,,366609,129,22,22,https://www.shohoz.com/bus-tickets,1646,0,0
1714103616792,30900,HTTP Request,200,OK,Pefomense Test 1-7,text,true,,366615,129,21,21,https://www.shohoz.com/bus-tickets,3694,0,0
1714103629096,20068,HTTP Request,200,OK,Pefomense Test 1-12,text,true,,366607,129,20,20,https://www.shohoz.com/bus-tickets,2088,0,0
1714103626767,22828,HTTP Request,200,OK,Pefomense Test 1-86,text,true,,366609,129,20,20,https://www.shohoz.com/bus-tickets,1182,0,0
1714103633293,16441,HTTP Request,200,OK,Pefomense Test 1-90,text,true,,366611,129,20,20,https://www.shohoz.com/bus-tickets,880,0,0
1714103626495,23397,HTTP Request,200,OK,Pefomense Test 1-6,text,true,,366609,129,20,20,https://www.shohoz.com/bus-tickets,1132,0,0
1714103627081,24884,HTTP Request,200,OK,Pefomense Test 1-38,text,true,,366607,129,20,20,https://www.shohoz.com/bus-tickets,1120,0,0
1714103623663,28819,HTTP Request,200,OK,Pefomense Test 1-99,text,true,,366611,129,20,20,https://www.shohoz.com/bus-tickets,1103,0,0
1714103593242,59243,HTTP Request,200,OK,Pefomense Test 1-34,text,true,,366609,129,20,20,https://www.shohoz.com/bus-tickets,4787,0,560
1714103633729,18922,HTTP Request,200,OK,Pefomense Test 1-97,text,true,,366611,129,20,20,https://www.shohoz.com/bus-tickets,1459,0,0
1714103627770,25097,HTTP Request,200,OK,Pefomense Test 1-8,text,true,,366603,129,20,20,https://www.shohoz.com/bus-tickets,1079,0,0
1714103625087,27897,HTTP Request,200,OK,Pefomense Test 1-66,text,true,,366609,129,20,20,https://www.shohoz.com/bus-tickets,804,0,0
1714103627300,29513,HTTP Request,200,OK,Pefomense Test 1-27,text,true,,366611,129,20,20,https://www.shohoz.com/bus-tickets,765,0,0
1714103635972,21405,HTTP Request,200,OK,Pefomense Test 1-76,text,true,,366607,129,20,20,https://www.shohoz.com/bus-tickets,1257,0,0
1714103643663,14772,HTTP Request,200,OK,Pefomense Test 1-11,text,true,,366613,129,20,20,https://www.shohoz.com/bus-tickets,1311,0,0
1714103641804,16768,HTTP Request,200,OK,Pefomense Test 1-74,text,true,,366607,129,19,19,https://www.shohoz.com/bus-tickets,3251,0,0
1714103643026,16112,HTTP Request,200,OK,Pefomense Test 1-15,text,true,,366611,129,18,18,https://www.shohoz.com/bus-tickets,1827,0,0
1714103633762,25752,HTTP Request,200,OK,Pefomense Test 1-41,text,true,,366615,129,18,18,https://www.shohoz.com/bus-tickets,1147,0,0
1714103624802,34873,HTTP Request,200,OK,Pefomense Test 1-67,text,true,,366607,129,18,18,https://www.shohoz.com/bus-tickets,1561,0,0
1714103638931,21196,HTTP Request,200,OK,Pefomense Test 1-95,text,true,,366615,129,17,17,https://www.shohoz.com/bus-tickets,9151,0,0
1714103649594,12718,HTTP Request,200,OK,Pefomense Test 1-86,text,true,,366615,129,17,17,https://www.shohoz.com/bus-tickets,1056,0,0
1714103652650,9933,HTTP Request,200,OK,Pefomense Test 1-97,text,true,,366607,129,17,17,https://www.shohoz.com/bus-tickets,693,0,0
1714103649163,14011,HTTP Request,200,OK,Pefomense Test 1-12,text,true,,366609,129,16,16,https://www.shohoz.com/bus-tickets,761,0,0
1714103649734,14901,HTTP Request,200,OK,Pefomense Test 1-90,text,true,,366611,129,15,15,https://www.shohoz.com/bus-tickets,1053,0,0
1714103652983,12778,HTTP Request,200,OK,Pefomense Test 1-66,text,true,,366613,129,15,15,https://www.shohoz.com/bus-tickets,1074,0,0
1714103651964,15529,HTTP Request,200,OK,Pefomense Test 1-38,text,true,,366609,129,14,14,https://www.shohoz.com/bus-tickets,946,0,0
1714103649891,18148,HTTP Request,200,OK,Pefomense Test 1-6,text,true,,366615,129,14,14,https://www.shohoz.com/bus-tickets,1123,0,0
1714103652485,16215,HTTP Request,200,OK,Pefomense Test 1-34,text,true,,366609,129,14,14,https://www.shohoz.com/bus-tickets,1151,0,0
1714103652481,16984,HTTP Request,200,OK,Pefomense Test 1-99,text,true,,366613,129,13,13,https://www.shohoz.com/bus-tickets,668,0,0
1714103632727,38616,HTTP Request,200,OK,Pefomense Test 1-48,text,true,,366609,129,13,13,https://www.shohoz.com/bus-tickets,1497,0,0
1714103652866,19209,HTTP Request,200,OK,Pefomense Test 1-8,text,true,,366609,129,12,12,https://www.shohoz.com/bus-tickets,1213,0,0
1714103657376,15961,HTTP Request,200,OK,Pefomense Test 1-76,text,true,,366603,129,12,12,https://www.shohoz.com/bus-tickets,1091,0,274
1714103659139,14241,HTTP Request,200,OK,Pefomense Test 1-15,text,true,,366609,129,11,11,https://www.shohoz.com/bus-tickets,792,0,0
1714103656813,18274,HTTP Request,200,OK,Pefomense Test 1-27,text,true,,366603,129,10,10,https://www.shohoz.com/bus-tickets,1528,0,0
1714103660127,16029,HTTP Request,200,OK,Pefomense Test 1-95,text,true,,366603,129,9,9,https://www.shohoz.com/bus-tickets,1567,0,802
1714103593243,83645,HTTP Request,200,OK,Pefomense Test 1-69,text,true,,366607,129,8,8,https://www.shohoz.com/bus-tickets,36055,0,288
1714103662313,15171,HTTP Request,200,OK,Pefomense Test 1-86,text,true,,366611,129,8,8,https://www.shohoz.com/bus-tickets,1299,0,0
1714103659514,18058,HTTP Request,200,OK,Pefomense Test 1-41,text,true,,366603,129,7,7,https://www.shohoz.com/bus-tickets,2391,0,0
1714103664635,13092,HTTP Request,200,OK,Pefomense Test 1-90,text,true,,366607,129,7,7,https://www.shohoz.com/bus-tickets,2013,0,0
1714103667493,11462,HTTP Request,200,OK,Pefomense Test 1-38,text,true,,366611,129,6,6,https://www.shohoz.com/bus-tickets,2941,0,1569
1714103672076,7187,HTTP Request,200,OK,Pefomense Test 1-8,text,true,,366609,129,5,5,https://www.shohoz.com/bus-tickets,1096,0,196
1714103669466,11561,HTTP Request,200,OK,Pefomense Test 1-99,text,true,,366611,129,4,4,https://www.shohoz.com/bus-tickets,2165,0,1243
1714103668039,13335,HTTP Request,200,OK,Pefomense Test 1-6,text,true,,366607,129,3,3,https://www.shohoz.com/bus-tickets,806,0,215
1714103676887,6122,HTTP Request,200,OK,Pefomense Test 1-69,text,true,,366609,129,2,2,https://www.shohoz.com/bus-tickets,1319,0,91
1714103677572,5674,HTTP Request,200,OK,Pefomense Test 1-41,text,true,,366609,129,2,2,https://www.shohoz.com/bus-tickets,805,0,191
1714103683011,5570,HTTP Request,200,OK,Pefomense Test 1-69,text,true,,366618,129,1,1,https://www.shohoz.com/bus-tickets,1258,0,0
1714103688582,10205,HTTP Request,200,OK,Pefomense Test 1-69,text,true,,366622,129,1,1,https://www.shohoz.com/bus-tickets,762,0,0
